Unnamed: 0,design,n,mpnn,plddt,i_ptm,i_pae,rmsd,seq
0,0,0,1.2392809583838236,0.6476050019264221,0.2629348635673523,22.737683415412903,5.116591930389404,ITHAFTKNSGLCICCEVFVGPRKLCVKEMNSGMAKKQAWLIKNKIKAFYAAVAADCFRDGVRSLLQASGLGRMKPNTLVIGYKKNWRKAPLTEIENYVGIIHDAFDFEIGVVIVRISQGFDISQVLQVQEELFNQKLVEASTQFKKKQEKGTIDVWWLFDDGGLTLLIPYILTLRKKWKDCKLRIYVGGKINRIEEEKIVMASLLSKFRIKFADIHIIGDINIRPNKESWKVFEEMIEPYRLHESCKDLTTAEKLKRETPWKITDAELEAVKEKSYRQVRLNELLQEHSRAANLIVLSLPVARKGSISDLLYMAWLEILTKNLPPVLLVRGNHKNVLTFYS/MEEEIERMKKRLEKLEKEYKEKIEELEPIDKEKAEEVKEDLEIIKTLIESRIEAL
1,0,1,1.1908983331379028,0.6959623098373413,0.669493556022644,12.193285673856735,2.28163480758667,ITHAFTKNSGLCICCEVFVGPRKLCVKEMNSGMAKKQAWLIKNKIKAFYAAVAADCFRDGVRSLLQASGLGRMKPNTLVIGYKKNWRKAPLTEIENYVGIIHDAFDFEIGVVIVRISQGFDISQVLQVQEELFNQKLVEASTQFKKKQEKGTIDVWWLFDDGGLTLLIPYILTLRKKWKDCKLRIYVGGKINRIEEEKIVMASLLSKFRIKFADIHIIGDINIRPNKESWKVFEEMIEPYRLHESCKDLTTAEKLKRETPWKITDAELEAVKEKSYRQVRLNELLQEHSRAANLIVLSLPVARKGSISDLLYMAWLEILTKNLPPVLLVRGNHKNVLTFYS/IEYEIELMKERLKKEEERFEKLIKEKEPINKKEAEKLKEDLEIIKKVIESKIETL
2,0,2,1.275557052450827,0.416212260723114,0.1364948004484176,26.18058294057846,36.50950622558594,ITHAFTKNSGLCICCEVFVGPRKLCVKEMNSGMAKKQAWLIKNKIKAFYAAVAADCFRDGVRSLLQASGLGRMKPNTLVIGYKKNWRKAPLTEIENYVGIIHDAFDFEIGVVIVRISQGFDISQVLQVQEELFNQKLVEASTQFKKKQEKGTIDVWWLFDDGGLTLLIPYILTLRKKWKDCKLRIYVGGKINRIEEEKIVMASLLSKFRIKFADIHIIGDINIRPNKESWKVFEEMIEPYRLHESCKDLTTAEKLKRETPWKITDAELEAVKEKSYRQVRLNELLQEHSRAANLIVLSLPVARKGSISDLLYMAWLEILTKNLPPVLLVRGNHKNVLTFYS/IEDEIKEMKELLEKLEKKYKELIEKELPKNKEEAKKIEEDLKIIKSVLESRIETL
3,0,3,1.2185618132846563,0.5598061084747314,0.1325717270374298,25.954101264476776,37.82732391357422,ITHAFTKNSGLCICCEVFVGPRKLCVKEMNSGMAKKQAWLIKNKIKAFYAAVAADCFRDGVRSLLQASGLGRMKPNTLVIGYKKNWRKAPLTEIENYVGIIHDAFDFEIGVVIVRISQGFDISQVLQVQEELFNQKLVEASTQFKKKQEKGTIDVWWLFDDGGLTLLIPYILTLRKKWKDCKLRIYVGGKINRIEEEKIVMASLLSKFRIKFADIHIIGDINIRPNKESWKVFEEMIEPYRLHESCKDLTTAEKLKRETPWKITDAELEAVKEKSYRQVRLNELLQEHSRAANLIVLSLPVARKGSISDLLYMAWLEILTKNLPPVLLVRGNHKNVLTFYS/LEEEKERMKKRLEKLEEEYEKLIKELAPKDKEKAEKVKEDLKIIKELIESRIETL
4,0,4,1.3109628165635812,0.606113851070404,0.1497694849967956,25.453547418117523,34.52777862548828,ITHAFTKNSGLCICCEVFVGPRKLCVKEMNSGMAKKQAWLIKNKIKAFYAAVAADCFRDGVRSLLQASGLGRMKPNTLVIGYKKNWRKAPLTEIENYVGIIHDAFDFEIGVVIVRISQGFDISQVLQVQEELFNQKLVEASTQFKKKQEKGTIDVWWLFDDGGLTLLIPYILTLRKKWKDCKLRIYVGGKINRIEEEKIVMASLLSKFRIKFADIHIIGDINIRPNKESWKVFEEMIEPYRLHESCKDLTTAEKLKRETPWKITDAELEAVKEKSYRQVRLNELLQEHSRAANLIVLSLPVARKGSISDLLYMAWLEILTKNLPPVLLVRGNHKNVLTFYS/IDYEIEMMKKILEEREKEYEKLIEELKPINKDLAEQYKEDLKIIKEVIEAKIERL
5,0,5,1.2010888784294678,0.78021240234375,0.6647350788116455,11.940171539783478,1.9193775653839111,ITHAFTKNSGLCICCEVFVGPRKLCVKEMNSGMAKKQAWLIKNKIKAFYAAVAADCFRDGVRSLLQASGLGRMKPNTLVIGYKKNWRKAPLTEIENYVGIIHDAFDFEIGVVIVRISQGFDISQVLQVQEELFNQKLVEASTQFKKKQEKGTIDVWWLFDDGGLTLLIPYILTLRKKWKDCKLRIYVGGKINRIEEEKIVMASLLSKFRIKFADIHIIGDINIRPNKESWKVFEEMIEPYRLHESCKDLTTAEKLKRETPWKITDAELEAVKEKSYRQVRLNELLQEHSRAANLIVLSLPVARKGSISDLLYMAWLEILTKNLPPVLLVRGNHKNVLTFYS/IEDEIEEEKKRMEEEEKKYKELIKELEEKDKKKAEEYEKDLKILKTVRESRIETL
6,0,6,1.2810041100166962,0.7448426485061646,0.5277612209320068,14.811282992362976,3.853578805923462,ITHAFTKNSGLCICCEVFVGPRKLCVKEMNSGMAKKQAWLIKNKIKAFYAAVAADCFRDGVRSLLQASGLGRMKPNTLVIGYKKNWRKAPLTEIENYVGIIHDAFDFEIGVVIVRISQGFDISQVLQVQEELFNQKLVEASTQFKKKQEKGTIDVWWLFDDGGLTLLIPYILTLRKKWKDCKLRIYVGGKINRIEEEKIVMASLLSKFRIKFADIHIIGDINIRPNKESWKVFEEMIEPYRLHESCKDLTTAEKLKRETPWKITDAELEAVKEKSYRQVRLNELLQEHSRAANLIVLSLPVARKGSISDLLYMAWLEILTKNLPPVLLVRGNHKNVLTFYS/IEEEIEEMRKQLKIDEEKYEKLIKEELPINKEKAEELKEDLEILKRYRDSLIERL
7,0,7,1.2648662724687736,0.5876209139823914,0.2876250743865967,21.80877262353897,40.84403991699219,ITHAFTKNSGLCICCEVFVGPRKLCVKEMNSGMAKKQAWLIKNKIKAFYAAVAADCFRDGVRSLLQASGLGRMKPNTLVIGYKKNWRKAPLTEIENYVGIIHDAFDFEIGVVIVRISQGFDISQVLQVQEELFNQKLVEASTQFKKKQEKGTIDVWWLFDDGGLTLLIPYILTLRKKWKDCKLRIYVGGKINRIEEEKIVMASLLSKFRIKFADIHIIGDINIRPNKESWKVFEEMIEPYRLHESCKDLTTAEKLKRETPWKITDAELEAVKEKSYRQVRLNELLQEHSRAANLIVLSLPVARKGSISDLLYMAWLEILTKNLPPVLLVRGNHKNVLTFYS/MEEEIERMKKLLEENEEYYEKLIKELEPIDKELAKKYKEDLEILKRFLNSMIERL
8,0,8,1.2622317634259923,0.5248081684112549,0.1404593586921692,25.898439824581143,36.4296989440918,ITHAFTKNSGLCICCEVFVGPRKLCVKEMNSGMAKKQAWLIKNKIKAFYAAVAADCFRDGVRSLLQASGLGRMKPNTLVIGYKKNWRKAPLTEIENYVGIIHDAFDFEIGVVIVRISQGFDISQVLQVQEELFNQKLVEASTQFKKKQEKGTIDVWWLFDDGGLTLLIPYILTLRKKWKDCKLRIYVGGKINRIEEEKIVMASLLSKFRIKFADIHIIGDINIRPNKESWKVFEEMIEPYRLHESCKDLTTAEKLKRETPWKITDAELEAVKEKSYRQVRLNELLQEHSRAANLIVLSLPVARKGSISDLLYMAWLEILTKNLPPVLLVRGNHKNVLTFYS/IEDEIEREKELLEKEKKEFEELIAKEEEKDKEKAEELKENLKILEKLREARIETL
9,0,9,1.2044341120372355,0.8371912240982056,0.789698600769043,8.926473379135132,1.460597038269043,ITHAFTKNSGLCICCEVFVGPRKLCVKEMNSGMAKKQAWLIKNKIKAFYAAVAADCFRDGVRSLLQASGLGRMKPNTLVIGYKKNWRKAPLTEIENYVGIIHDAFDFEIGVVIVRISQGFDISQVLQVQEELFNQKLVEASTQFKKKQEKGTIDVWWLFDDGGLTLLIPYILTLRKKWKDCKLRIYVGGKINRIEEEKIVMASLLSKFRIKFADIHIIGDINIRPNKESWKVFEEMIEPYRLHESCKDLTTAEKLKRETPWKITDAELEAVKEKSYRQVRLNELLQEHSRAANLIVLSLPVARKGSISDLLYMAWLEILTKNLPPVLLVRGNHKNVLTFYS/IDYEKELMKKRLEELEEKYKKLIEELSPIDKEKAEELKEDLEILKKVLESRIETL
10,0,10,1.288062581863077,0.5435959100723267,0.1449652314186096,26.122488021850582,38.63227844238281,ITHAFTKNSGLCICCEVFVGPRKLCVKEMNSGMAKKQAWLIKNKIKAFYAAVAADCFRDGVRSLLQASGLGRMKPNTLVIGYKKNWRKAPLTEIENYVGIIHDAFDFEIGVVIVRISQGFDISQVLQVQEELFNQKLVEASTQFKKKQEKGTIDVWWLFDDGGLTLLIPYILTLRKKWKDCKLRIYVGGKINRIEEEKIVMASLLSKFRIKFADIHIIGDINIRPNKESWKVFEEMIEPYRLHESCKDLTTAEKLKRETPWKITDAELEAVKEKSYRQVRLNELLQEHSRAANLIVLSLPVARKGSISDLLYMAWLEILTKNLPPVLLVRGNHKNVLTFYS/IDYEIELMRKRLEEIKKEYEEKIKELKEKDEQKAKEYKEEQEIIEKALNSKIETL
11,0,11,1.299660459195433,0.764563798904419,0.6540845632553101,12.057303726673126,2.2871809005737305,ITHAFTKNSGLCICCEVFVGPRKLCVKEMNSGMAKKQAWLIKNKIKAFYAAVAADCFRDGVRSLLQASGLGRMKPNTLVIGYKKNWRKAPLTEIENYVGIIHDAFDFEIGVVIVRISQGFDISQVLQVQEELFNQKLVEASTQFKKKQEKGTIDVWWLFDDGGLTLLIPYILTLRKKWKDCKLRIYVGGKINRIEEEKIVMASLLSKFRIKFADIHIIGDINIRPNKESWKVFEEMIEPYRLHESCKDLTTAEKLKRETPWKITDAELEAVKEKSYRQVRLNELLQEHSRAANLIVLSLPVARKGSISDLLYMAWLEILTKNLPPVLLVRGNHKNVLTFYS/IEHEIELMKKQMEEDEKYYEELIKELSSKSKEEAEEIKKDLEILKRVRESRIEAL
12,0,12,1.1916238850356,0.6349993944168091,0.2156044244766235,24.318498611450195,4.839423179626465,ITHAFTKNSGLCICCEVFVGPRKLCVKEMNSGMAKKQAWLIKNKIKAFYAAVAADCFRDGVRSLLQASGLGRMKPNTLVIGYKKNWRKAPLTEIENYVGIIHDAFDFEIGVVIVRISQGFDISQVLQVQEELFNQKLVEASTQFKKKQEKGTIDVWWLFDDGGLTLLIPYILTLRKKWKDCKLRIYVGGKINRIEEEKIVMASLLSKFRIKFADIHIIGDINIRPNKESWKVFEEMIEPYRLHESCKDLTTAEKLKRETPWKITDAELEAVKEKSYRQVRLNELLQEHSRAANLIVLSLPVARKGSISDLLYMAWLEILTKNLPPVLLVRGNHKNVLTFYS/MEYEIELMKKKLEELEKYYEELIKEEEEKDKEKAKKLKEDLEIEKRLIESKIERL
13,0,13,1.2692169920011658,0.441669762134552,0.1441125869750976,25.766182005405422,34.422760009765625,ITHAFTKNSGLCICCEVFVGPRKLCVKEMNSGMAKKQAWLIKNKIKAFYAAVAADCFRDGVRSLLQASGLGRMKPNTLVIGYKKNWRKAPLTEIENYVGIIHDAFDFEIGVVIVRISQGFDISQVLQVQEELFNQKLVEASTQFKKKQEKGTIDVWWLFDDGGLTLLIPYILTLRKKWKDCKLRIYVGGKINRIEEEKIVMASLLSKFRIKFADIHIIGDINIRPNKESWKVFEEMIEPYRLHESCKDLTTAEKLKRETPWKITDAELEAVKEKSYRQVRLNELLQEHSRAANLIVLSLPVARKGSISDLLYMAWLEILTKNLPPVLLVRGNHKNVLTFYS/IEDEKERMKKYLKEIKEEYEKRIKELEPISKEEAKEYKEELELIETVLESRIETL
14,0,14,1.2267956200449877,0.5425634384155273,0.190129816532135,24.13752317428589,43.00973510742188,ITHAFTKNSGLCICCEVFVGPRKLCVKEMNSGMAKKQAWLIKNKIKAFYAAVAADCFRDGVRSLLQASGLGRMKPNTLVIGYKKNWRKAPLTEIENYVGIIHDAFDFEIGVVIVRISQGFDISQVLQVQEELFNQKLVEASTQFKKKQEKGTIDVWWLFDDGGLTLLIPYILTLRKKWKDCKLRIYVGGKINRIEEEKIVMASLLSKFRIKFADIHIIGDINIRPNKESWKVFEEMIEPYRLHESCKDLTTAEKLKRETPWKITDAELEAVKEKSYRQVRLNELLQEHSRAANLIVLSLPVARKGSISDLLYMAWLEILTKNLPPVLLVRGNHKNVLTFYS/LEEEKEEMKKLLKELEEEYEKLIKELEKKDKEKAKEVEEDLKLIKKVIESRIETL
15,0,15,1.272329522844378,0.4648086428642273,0.1888153553009033,24.16688752174377,33.01091766357422,ITHAFTKNSGLCICCEVFVGPRKLCVKEMNSGMAKKQAWLIKNKIKAFYAAVAADCFRDGVRSLLQASGLGRMKPNTLVIGYKKNWRKAPLTEIENYVGIIHDAFDFEIGVVIVRISQGFDISQVLQVQEELFNQKLVEASTQFKKKQEKGTIDVWWLFDDGGLTLLIPYILTLRKKWKDCKLRIYVGGKINRIEEEKIVMASLLSKFRIKFADIHIIGDINIRPNKESWKVFEEMIEPYRLHESCKDLTTAEKLKRETPWKITDAELEAVKEKSYRQVRLNELLQEHSRAANLIVLSLPVARKGSISDLLYMAWLEILTKNLPPVLLVRGNHKNVLTFYS/IEEEIERMKKRLKEIEEKYEKLIKELEKKSKEEAKSYKEDLKIIKSVIDSKIETL
16,0,16,1.1807700607472111,0.6957514882087708,0.4142768979072571,17.731675624847412,3.0607006549835205,ITHAFTKNSGLCICCEVFVGPRKLCVKEMNSGMAKKQAWLIKNKIKAFYAAVAADCFRDGVRSLLQASGLGRMKPNTLVIGYKKNWRKAPLTEIENYVGIIHDAFDFEIGVVIVRISQGFDISQVLQVQEELFNQKLVEASTQFKKKQEKGTIDVWWLFDDGGLTLLIPYILTLRKKWKDCKLRIYVGGKINRIEEEKIVMASLLSKFRIKFADIHIIGDINIRPNKESWKVFEEMIEPYRLHESCKDLTTAEKLKRETPWKITDAELEAVKEKSYRQVRLNELLQEHSRAANLIVLSLPVARKGSISDLLYMAWLEILTKNLPPVLLVRGNHKNVLTFYS/IEYEIEMMKERLKKLEKEYEELIKKLEEEDKEKAEKVKEDLELIKKLIESRIERL
17,0,17,1.214009661887259,0.6947104930877686,0.5951274037361145,13.679022431373596,1.788749098777771,ITHAFTKNSGLCICCEVFVGPRKLCVKEMNSGMAKKQAWLIKNKIKAFYAAVAADCFRDGVRSLLQASGLGRMKPNTLVIGYKKNWRKAPLTEIENYVGIIHDAFDFEIGVVIVRISQGFDISQVLQVQEELFNQKLVEASTQFKKKQEKGTIDVWWLFDDGGLTLLIPYILTLRKKWKDCKLRIYVGGKINRIEEEKIVMASLLSKFRIKFADIHIIGDINIRPNKESWKVFEEMIEPYRLHESCKDLTTAEKLKRETPWKITDAELEAVKEKSYRQVRLNELLQEHSRAANLIVLSLPVARKGSISDLLYMAWLEILTKNLPPVLLVRGNHKNVLTFYS/IEDEIEEMKERLEKEKKKYEELIKKLEKEDKEKAEKYKEDLEIIKKFLESKIETL
18,0,18,1.2682001138678802,0.487602949142456,0.1803365796804428,24.727753579616547,30.708364486694336,ITHAFTKNSGLCICCEVFVGPRKLCVKEMNSGMAKKQAWLIKNKIKAFYAAVAADCFRDGVRSLLQASGLGRMKPNTLVIGYKKNWRKAPLTEIENYVGIIHDAFDFEIGVVIVRISQGFDISQVLQVQEELFNQKLVEASTQFKKKQEKGTIDVWWLFDDGGLTLLIPYILTLRKKWKDCKLRIYVGGKINRIEEEKIVMASLLSKFRIKFADIHIIGDINIRPNKESWKVFEEMIEPYRLHESCKDLTTAEKLKRETPWKITDAELEAVKEKSYRQVRLNELLQEHSRAANLIVLSLPVARKGSISDLLYMAWLEILTKNLPPVLLVRGNHKNVLTFYS/MEHEIEMMKKMMEEDEEKYEKLIKELEKKDKELAKKAKEDLDILKKARESRIETL
19,0,19,1.1885728003497456,0.4654763340950012,0.2184608727693557,23.928735494613647,5.194828510284424,ITHAFTKNSGLCICCEVFVGPRKLCVKEMNSGMAKKQAWLIKNKIKAFYAAVAADCFRDGVRSLLQASGLGRMKPNTLVIGYKKNWRKAPLTEIENYVGIIHDAFDFEIGVVIVRISQGFDISQVLQVQEELFNQKLVEASTQFKKKQEKGTIDVWWLFDDGGLTLLIPYILTLRKKWKDCKLRIYVGGKINRIEEEKIVMASLLSKFRIKFADIHIIGDINIRPNKESWKVFEEMIEPYRLHESCKDLTTAEKLKRETPWKITDAELEAVKEKSYRQVRLNELLQEHSRAANLIVLSLPVARKGSISDLLYMAWLEILTKNLPPVLLVRGNHKNVLTFYS/IEFEKEEMEKKLKELEEEYKKKIEELKKIDEKKAEEVKENLEIIKKVIESKIETL
20,0,20,1.2685336051065004,0.5556259751319885,0.1504443734884262,25.481209993362427,45.91452407836914,ITHAFTKNSGLCICCEVFVGPRKLCVKEMNSGMAKKQAWLIKNKIKAFYAAVAADCFRDGVRSLLQASGLGRMKPNTLVIGYKKNWRKAPLTEIENYVGIIHDAFDFEIGVVIVRISQGFDISQVLQVQEELFNQKLVEASTQFKKKQEKGTIDVWWLFDDGGLTLLIPYILTLRKKWKDCKLRIYVGGKINRIEEEKIVMASLLSKFRIKFADIHIIGDINIRPNKESWKVFEEMIEPYRLHESCKDLTTAEKLKRETPWKITDAELEAVKEKSYRQVRLNELLQEHSRAANLIVLSLPVARKGSISDLLYMAWLEILTKNLPPVLLVRGNHKNVLTFYS/IEYEKELIEKLLKEEEEKFEKKIKELLPKDKELAKQYEEDLKILKKVRESLIERL
21,0,21,1.3037780870429627,0.6689236164093018,0.2859263718128204,22.32081574201584,3.160027265548706,ITHAFTKNSGLCICCEVFVGPRKLCVKEMNSGMAKKQAWLIKNKIKAFYAAVAADCFRDGVRSLLQASGLGRMKPNTLVIGYKKNWRKAPLTEIENYVGIIHDAFDFEIGVVIVRISQGFDISQVLQVQEELFNQKLVEASTQFKKKQEKGTIDVWWLFDDGGLTLLIPYILTLRKKWKDCKLRIYVGGKINRIEEEKIVMASLLSKFRIKFADIHIIGDINIRPNKESWKVFEEMIEPYRLHESCKDLTTAEKLKRETPWKITDAELEAVKEKSYRQVRLNELLQEHSRAANLIVLSLPVARKGSISDLLYMAWLEILTKNLPPVLLVRGNHKNVLTFYS/MEEEIERIKEMLKKEEERYTKLIKELSPIDEEKAKQYKEDLEIIKKLRESRIETL
22,0,22,1.234714451749595,0.5500366687774658,0.1402947455644607,25.650753438472748,38.52644729614258,ITHAFTKNSGLCICCEVFVGPRKLCVKEMNSGMAKKQAWLIKNKIKAFYAAVAADCFRDGVRSLLQASGLGRMKPNTLVIGYKKNWRKAPLTEIENYVGIIHDAFDFEIGVVIVRISQGFDISQVLQVQEELFNQKLVEASTQFKKKQEKGTIDVWWLFDDGGLTLLIPYILTLRKKWKDCKLRIYVGGKINRIEEEKIVMASLLSKFRIKFADIHIIGDINIRPNKESWKVFEEMIEPYRLHESCKDLTTAEKLKRETPWKITDAELEAVKEKSYRQVRLNELLQEHSRAANLIVLSLPVARKGSISDLLYMAWLEILTKNLPPVLLVRGNHKNVLTFYS/LEEEKEEMKKFLEETEKEYEELIKKLLPIDEELAKKYKEDLEIIKKLLDSKIETL
23,0,23,1.188645519100079,0.5233392715454102,0.1524689197540283,25.57385218143463,42.079132080078125,ITHAFTKNSGLCICCEVFVGPRKLCVKEMNSGMAKKQAWLIKNKIKAFYAAVAADCFRDGVRSLLQASGLGRMKPNTLVIGYKKNWRKAPLTEIENYVGIIHDAFDFEIGVVIVRISQGFDISQVLQVQEELFNQKLVEASTQFKKKQEKGTIDVWWLFDDGGLTLLIPYILTLRKKWKDCKLRIYVGGKINRIEEEKIVMASLLSKFRIKFADIHIIGDINIRPNKESWKVFEEMIEPYRLHESCKDLTTAEKLKRETPWKITDAELEAVKEKSYRQVRLNELLQEHSRAANLIVLSLPVARKGSISDLLYMAWLEILTKNLPPVLLVRGNHKNVLTFYS/IEDEIEEIKKMLKELEEEYEKKIEELKPIDKEKAEEYKEDLEIIKKLRESRIETL
24,0,24,1.192003215497207,0.8246113061904907,0.6578327417373657,11.68650770187378,2.635943651199341,ITHAFTKNSGLCICCEVFVGPRKLCVKEMNSGMAKKQAWLIKNKIKAFYAAVAADCFRDGVRSLLQASGLGRMKPNTLVIGYKKNWRKAPLTEIENYVGIIHDAFDFEIGVVIVRISQGFDISQVLQVQEELFNQKLVEASTQFKKKQEKGTIDVWWLFDDGGLTLLIPYILTLRKKWKDCKLRIYVGGKINRIEEEKIVMASLLSKFRIKFADIHIIGDINIRPNKESWKVFEEMIEPYRLHESCKDLTTAEKLKRETPWKITDAELEAVKEKSYRQVRLNELLQEHSRAANLIVLSLPVARKGSISDLLYMAWLEILTKNLPPVLLVRGNHKNVLTFYS/IEEEKERIKKQLEEEKERYEKLIKEEEKKDKKKAEELKEDLEIIEKVRESMIETL
25,0,25,1.1875278969252825,0.7097623348236084,0.4290868043899536,17.840934574604034,2.726892232894897,ITHAFTKNSGLCICCEVFVGPRKLCVKEMNSGMAKKQAWLIKNKIKAFYAAVAADCFRDGVRSLLQASGLGRMKPNTLVIGYKKNWRKAPLTEIENYVGIIHDAFDFEIGVVIVRISQGFDISQVLQVQEELFNQKLVEASTQFKKKQEKGTIDVWWLFDDGGLTLLIPYILTLRKKWKDCKLRIYVGGKINRIEEEKIVMASLLSKFRIKFADIHIIGDINIRPNKESWKVFEEMIEPYRLHESCKDLTTAEKLKRETPWKITDAELEAVKEKSYRQVRLNELLQEHSRAANLIVLSLPVARKGSISDLLYMAWLEILTKNLPPVLLVRGNHKNVLTFYS/IEDEIERMKKRLKELEEKYKKLIEEEEKIDKEKAEKLKEDLEILKKLIESRIETL
26,0,26,1.194075343879426,0.5187244415283203,0.139920026063919,25.90256953239441,32.56014633178711,ITHAFTKNSGLCICCEVFVGPRKLCVKEMNSGMAKKQAWLIKNKIKAFYAAVAADCFRDGVRSLLQASGLGRMKPNTLVIGYKKNWRKAPLTEIENYVGIIHDAFDFEIGVVIVRISQGFDISQVLQVQEELFNQKLVEASTQFKKKQEKGTIDVWWLFDDGGLTLLIPYILTLRKKWKDCKLRIYVGGKINRIEEEKIVMASLLSKFRIKFADIHIIGDINIRPNKESWKVFEEMIEPYRLHESCKDLTTAEKLKRETPWKITDAELEAVKEKSYRQVRLNELLQEHSRAANLIVLSLPVARKGSISDLLYMAWLEILTKNLPPVLLVRGNHKNVLTFYS/IEFEKEEMEKLLKELEEKYEKLIKETLPIDKKKAEELKEELEIIKKLLESRIETL
27,0,27,1.1942846404418428,0.435289204120636,0.1270372420549392,26.515019059181213,16.722047805786133,ITHAFTKNSGLCICCEVFVGPRKLCVKEMNSGMAKKQAWLIKNKIKAFYAAVAADCFRDGVRSLLQASGLGRMKPNTLVIGYKKNWRKAPLTEIENYVGIIHDAFDFEIGVVIVRISQGFDISQVLQVQEELFNQKLVEASTQFKKKQEKGTIDVWWLFDDGGLTLLIPYILTLRKKWKDCKLRIYVGGKINRIEEEKIVMASLLSKFRIKFADIHIIGDINIRPNKESWKVFEEMIEPYRLHESCKDLTTAEKLKRETPWKITDAELEAVKEKSYRQVRLNELLQEHSRAANLIVLSLPVARKGSISDLLYMAWLEILTKNLPPVLLVRGNHKNVLTFYS/IEEEIEEMKERLEKEKKYYEELIKKKLPIDKEEAEKLKEELEIIKKVRESKIETL
28,0,28,1.2331424664834554,0.7693209648132324,0.5314997434616089,14.868027210235596,3.5197019577026367,ITHAFTKNSGLCICCEVFVGPRKLCVKEMNSGMAKKQAWLIKNKIKAFYAAVAADCFRDGVRSLLQASGLGRMKPNTLVIGYKKNWRKAPLTEIENYVGIIHDAFDFEIGVVIVRISQGFDISQVLQVQEELFNQKLVEASTQFKKKQEKGTIDVWWLFDDGGLTLLIPYILTLRKKWKDCKLRIYVGGKINRIEEEKIVMASLLSKFRIKFADIHIIGDINIRPNKESWKVFEEMIEPYRLHESCKDLTTAEKLKRETPWKITDAELEAVKEKSYRQVRLNELLQEHSRAANLIVLSLPVARKGSISDLLYMAWLEILTKNLPPVLLVRGNHKNVLTFYS/IEDEIKRIKKQLEEEEKKYKELIEKLEKKDKKKAEEYKKNLEILKKVRESRIEAL
29,0,29,1.2646451044221658,0.657902717590332,0.2384610772132873,23.38388752937317,4.422157287597656,ITHAFTKNSGLCICCEVFVGPRKLCVKEMNSGMAKKQAWLIKNKIKAFYAAVAADCFRDGVRSLLQASGLGRMKPNTLVIGYKKNWRKAPLTEIENYVGIIHDAFDFEIGVVIVRISQGFDISQVLQVQEELFNQKLVEASTQFKKKQEKGTIDVWWLFDDGGLTLLIPYILTLRKKWKDCKLRIYVGGKINRIEEEKIVMASLLSKFRIKFADIHIIGDINIRPNKESWKVFEEMIEPYRLHESCKDLTTAEKLKRETPWKITDAELEAVKEKSYRQVRLNELLQEHSRAANLIVLSLPVARKGSISDLLYMAWLEILTKNLPPVLLVRGNHKNVLTFYS/MEDEIEEMKKRLEEEKKYYDELIKKEEPIDKEKAEELRENLKIIERLIESRIETL
30,0,30,1.2547338548459688,0.5087509155273438,0.1450172364711761,26.19768750667572,59.6536979675293,ITHAFTKNSGLCICCEVFVGPRKLCVKEMNSGMAKKQAWLIKNKIKAFYAAVAADCFRDGVRSLLQASGLGRMKPNTLVIGYKKNWRKAPLTEIENYVGIIHDAFDFEIGVVIVRISQGFDISQVLQVQEELFNQKLVEASTQFKKKQEKGTIDVWWLFDDGGLTLLIPYILTLRKKWKDCKLRIYVGGKINRIEEEKIVMASLLSKFRIKFADIHIIGDINIRPNKESWKVFEEMIEPYRLHESCKDLTTAEKLKRETPWKITDAELEAVKEKSYRQVRLNELLQEHSRAANLIVLSLPVARKGSISDLLYMAWLEILTKNLPPVLLVRGNHKNVLTFYS/IEYEKELMKKRLEKDKEYYEKLIKELEKKNEKEAKEVEENLKILEKAINSRIEAL
31,0,31,1.2369369593993929,0.8478920459747314,0.7596310377120972,9.475745767354963,1.5072940587997437,ITHAFTKNSGLCICCEVFVGPRKLCVKEMNSGMAKKQAWLIKNKIKAFYAAVAADCFRDGVRSLLQASGLGRMKPNTLVIGYKKNWRKAPLTEIENYVGIIHDAFDFEIGVVIVRISQGFDISQVLQVQEELFNQKLVEASTQFKKKQEKGTIDVWWLFDDGGLTLLIPYILTLRKKWKDCKLRIYVGGKINRIEEEKIVMASLLSKFRIKFADIHIIGDINIRPNKESWKVFEEMIEPYRLHESCKDLTTAEKLKRETPWKITDAELEAVKEKSYRQVRLNELLQEHSRAANLIVLSLPVARKGSISDLLYMAWLEILTKNLPPVLLVRGNHKNVLTFYS/IEYEKEQMKKRLEKLKKEYEELIKKLEPIDKEKAKELKEDLEIIEKVLNSQIEAL
0,0,0,1.2215810303471877,0.5439343452453613,0.1421535015106201,25.744868278503414,44.13886642456055,ITHAFTKNSGLCICCEVFVGPRKLCVKEMNSGMAKKQAWLIKNKIKAFYAAVAADCFRDGVRSLLQASGLGRMKPNTLVIGYKKNWRKAPLTEIENYVGIIHDAFDFEIGVVIVRISQGFDISQVLQVQEELFNQKLVEASTQFKKKQEKGTIDVWWLFDDGGLTLLIPYILTLRKKWKDCKLRIYVGGKINRIEEEKIVMASLLSKFRIKFADIHIIGDINIRPNKESWKVFEEMIEPYRLHESCKDLTTAEKLKRETPWKITDAELEAVKEKSYRQVRLNELLQEHSRAANLIVLSLPVARKGSISDLLYMAWLEILTKNLPPVLLVRGNHKNVLTFYS/IEDEIEEMKKKLEEIKKYYEEKIKELEKKNKKEAEEYKENLKIIEELLESKIESL
1,0,1,1.28601929061439,0.4642140865325928,0.2573314905166626,22.836260557174683,3.170222282409668,ITHAFTKNSGLCICCEVFVGPRKLCVKEMNSGMAKKQAWLIKNKIKAFYAAVAADCFRDGVRSLLQASGLGRMKPNTLVIGYKKNWRKAPLTEIENYVGIIHDAFDFEIGVVIVRISQGFDISQVLQVQEELFNQKLVEASTQFKKKQEKGTIDVWWLFDDGGLTLLIPYILTLRKKWKDCKLRIYVGGKINRIEEEKIVMASLLSKFRIKFADIHIIGDINIRPNKESWKVFEEMIEPYRLHESCKDLTTAEKLKRETPWKITDAELEAVKEKSYRQVRLNELLQEHSRAANLIVLSLPVARKGSISDLLYMAWLEILTKNLPPVLLVRGNHKNVLTFYS/IELEKEEMKKRLKEREKYYEELIKKKLPENKEEAEEIEKNLKIEKTLLESRIETL
2,0,2,1.412591003572948,0.5978255271911621,0.1184444054961204,27.048350036144257,24.19815826416016,ITHAFTKNSGLCICCEVFVGPRKLCVKEMNSGMAKKQAWLIKNKIKAFYAAVAADCFRDGVRSLLQASGLGRMKPNTLVIGYKKNWRKAPLTEIENYVGIIHDAFDFEIGVVIVRISQGFDISQVLQVQEELFNQKLVEASTQFKKKQEKGTIDVWWLFDDGGLTLLIPYILTLRKKWKDCKLRIYVGGKINRIEEEKIVMASLLSKFRIKFADIHIIGDINIRPNKESWKVFEEMIEPYRLHESCKDLTTAEKLKRETPWKITDAELEAVKEKSYRQVRLNELLQEHSRAANLIVLSLPVARKGSISDLLYMAWLEILTKNLPPVLLVRGNHKNVLTFYS/IEEEIERIKEQMEREKKEFEEKIEKLKPIDEKKAEDYRNELQLIKKVRDSKIERL
3,0,3,1.4023399710814806,0.7269932627677917,0.4591912627220154,16.54232347011566,2.929493904113769,ITHAFTKNSGLCICCEVFVGPRKLCVKEMNSGMAKKQAWLIKNKIKAFYAAVAADCFRDGVRSLLQASGLGRMKPNTLVIGYKKNWRKAPLTEIENYVGIIHDAFDFEIGVVIVRISQGFDISQVLQVQEELFNQKLVEASTQFKKKQEKGTIDVWWLFDDGGLTLLIPYILTLRKKWKDCKLRIYVGGKINRIEEEKIVMASLLSKFRIKFADIHIIGDINIRPNKESWKVFEEMIEPYRLHESCKDLTTAEKLKRETPWKITDAELEAVKEKSYRQVRLNELLQEHSRAANLIVLSLPVARKGSISDLLYMAWLEILTKNLPPVLLVRGNHKNVLTFYS/IEEEIEEIKKQLEEEKKQFLELIKKEEKINKEKAKELLEDLKLLETFRKATIETL
4,0,4,1.2425070511119387,0.504138708114624,0.1865967214107513,24.29076212644577,32.88962173461914,ITHAFTKNSGLCICCEVFVGPRKLCVKEMNSGMAKKQAWLIKNKIKAFYAAVAADCFRDGVRSLLQASGLGRMKPNTLVIGYKKNWRKAPLTEIENYVGIIHDAFDFEIGVVIVRISQGFDISQVLQVQEELFNQKLVEASTQFKKKQEKGTIDVWWLFDDGGLTLLIPYILTLRKKWKDCKLRIYVGGKINRIEEEKIVMASLLSKFRIKFADIHIIGDINIRPNKESWKVFEEMIEPYRLHESCKDLTTAEKLKRETPWKITDAELEAVKEKSYRQVRLNELLQEHSRAANLIVLSLPVARKGSISDLLYMAWLEILTKNLPPVLLVRGNHKNVLTFYS/IEEEKEEMKKLLEENKKKYEELIKKEEPINKEKAEELKREEEIIKKVLEAKIERL
5,0,5,1.3279720897319136,0.6944459676742554,0.5479993224143982,15.042536467313766,1.773268222808838,ITHAFTKNSGLCICCEVFVGPRKLCVKEMNSGMAKKQAWLIKNKIKAFYAAVAADCFRDGVRSLLQASGLGRMKPNTLVIGYKKNWRKAPLTEIENYVGIIHDAFDFEIGVVIVRISQGFDISQVLQVQEELFNQKLVEASTQFKKKQEKGTIDVWWLFDDGGLTLLIPYILTLRKKWKDCKLRIYVGGKINRIEEEKIVMASLLSKFRIKFADIHIIGDINIRPNKESWKVFEEMIEPYRLHESCKDLTTAEKLKRETPWKITDAELEAVKEKSYRQVRLNELLQEHSRAANLIVLSLPVARKGSISDLLYMAWLEILTKNLPPVLLVRGNHKNVLTFYS/IDDEKKEMKELIEKDEKKYEELIKELLPINKEEAEKVKEDLEILKTVRESKIETL
6,0,6,1.3627645712238723,0.6141343712806702,0.2638944983482361,22.63659518957138,46.57859802246094,ITHAFTKNSGLCICCEVFVGPRKLCVKEMNSGMAKKQAWLIKNKIKAFYAAVAADCFRDGVRSLLQASGLGRMKPNTLVIGYKKNWRKAPLTEIENYVGIIHDAFDFEIGVVIVRISQGFDISQVLQVQEELFNQKLVEASTQFKKKQEKGTIDVWWLFDDGGLTLLIPYILTLRKKWKDCKLRIYVGGKINRIEEEKIVMASLLSKFRIKFADIHIIGDINIRPNKESWKVFEEMIEPYRLHESCKDLTTAEKLKRETPWKITDAELEAVKEKSYRQVRLNELLQEHSRAANLIVLSLPVARKGSISDLLYMAWLEILTKNLPPVLLVRGNHKNVLTFYS/IEYEIEEMKKMLEKMRKEFQELIEKELPKNKEKAEELKELMEIIEKALKSRIETL
7,0,7,1.3138359509051658,0.458931565284729,0.1568971872329712,25.50026023387909,47.45370864868164,ITHAFTKNSGLCICCEVFVGPRKLCVKEMNSGMAKKQAWLIKNKIKAFYAAVAADCFRDGVRSLLQASGLGRMKPNTLVIGYKKNWRKAPLTEIENYVGIIHDAFDFEIGVVIVRISQGFDISQVLQVQEELFNQKLVEASTQFKKKQEKGTIDVWWLFDDGGLTLLIPYILTLRKKWKDCKLRIYVGGKINRIEEEKIVMASLLSKFRIKFADIHIIGDINIRPNKESWKVFEEMIEPYRLHESCKDLTTAEKLKRETPWKITDAELEAVKEKSYRQVRLNELLQEHSRAANLIVLSLPVARKGSISDLLYMAWLEILTKNLPPVLLVRGNHKNVLTFYS/LEYEIERIKKQIEEEEEKYEKLIKEEKSKSSEKAKKLEEDLKILKKVRDSMIETL
8,0,8,1.3335718905668517,0.4437600970268249,0.1666412055492401,25.78244769573212,26.058107376098636,ITHAFTKNSGLCICCEVFVGPRKLCVKEMNSGMAKKQAWLIKNKIKAFYAAVAADCFRDGVRSLLQASGLGRMKPNTLVIGYKKNWRKAPLTEIENYVGIIHDAFDFEIGVVIVRISQGFDISQVLQVQEELFNQKLVEASTQFKKKQEKGTIDVWWLFDDGGLTLLIPYILTLRKKWKDCKLRIYVGGKINRIEEEKIVMASLLSKFRIKFADIHIIGDINIRPNKESWKVFEEMIEPYRLHESCKDLTTAEKLKRETPWKITDAELEAVKEKSYRQVRLNELLQEHSRAANLIVLSLPVARKGSISDLLYMAWLEILTKNLPPVLLVRGNHKNVLTFYS/IDYEKEMMEEYLKKIEEEAEKKIEELKKISKEKAEEVKKNLEIIKSYLESRIETL
9,0,9,1.4004811067635776,0.7337292432785034,0.5723865032196045,14.255219221115112,2.079964160919189,ITHAFTKNSGLCICCEVFVGPRKLCVKEMNSGMAKKQAWLIKNKIKAFYAAVAADCFRDGVRSLLQASGLGRMKPNTLVIGYKKNWRKAPLTEIENYVGIIHDAFDFEIGVVIVRISQGFDISQVLQVQEELFNQKLVEASTQFKKKQEKGTIDVWWLFDDGGLTLLIPYILTLRKKWKDCKLRIYVGGKINRIEEEKIVMASLLSKFRIKFADIHIIGDINIRPNKESWKVFEEMIEPYRLHESCKDLTTAEKLKRETPWKITDAELEAVKEKSYRQVRLNELLQEHSRAANLIVLSLPVARKGSISDLLYMAWLEILTKNLPPVLLVRGNHKNVLTFYS/IEDEIEEMRKQLEEDEKYYKELIEKESAKDEEKAKNLAEDLEILTKVRKSLIETL
10,0,10,1.3372576284415565,0.799688458442688,0.6547762155532837,11.985359966754912,2.4920036792755127,ITHAFTKNSGLCICCEVFVGPRKLCVKEMNSGMAKKQAWLIKNKIKAFYAAVAADCFRDGVRSLLQASGLGRMKPNTLVIGYKKNWRKAPLTEIENYVGIIHDAFDFEIGVVIVRISQGFDISQVLQVQEELFNQKLVEASTQFKKKQEKGTIDVWWLFDDGGLTLLIPYILTLRKKWKDCKLRIYVGGKINRIEEEKIVMASLLSKFRIKFADIHIIGDINIRPNKESWKVFEEMIEPYRLHESCKDLTTAEKLKRETPWKITDAELEAVKEKSYRQVRLNELLQEHSRAANLIVLSLPVARKGSISDLLYMAWLEILTKNLPPVLLVRGNHKNVLTFYS/IEFEIEQMKERMAKEKEYYEKLIKEYEKIDKKKAEELKEELKILEAFLKSKIETL
11,0,11,1.2827423673161502,0.6361801624298096,0.5400900840759277,15.314466178417206,1.8747496604919436,ITHAFTKNSGLCICCEVFVGPRKLCVKEMNSGMAKKQAWLIKNKIKAFYAAVAADCFRDGVRSLLQASGLGRMKPNTLVIGYKKNWRKAPLTEIENYVGIIHDAFDFEIGVVIVRISQGFDISQVLQVQEELFNQKLVEASTQFKKKQEKGTIDVWWLFDDGGLTLLIPYILTLRKKWKDCKLRIYVGGKINRIEEEKIVMASLLSKFRIKFADIHIIGDINIRPNKESWKVFEEMIEPYRLHESCKDLTTAEKLKRETPWKITDAELEAVKEKSYRQVRLNELLQEHSRAANLIVLSLPVARKGSISDLLYMAWLEILTKNLPPVLLVRGNHKNVLTFYS/IEDEIKRMKEQLEELRKKYEDLIKKLEEKSKEEAEKLKEDLEIIEKVRQSLIDTL
12,0,12,1.2929653764129512,0.772552490234375,0.5264441967010498,14.857711255550385,2.35114860534668,ITHAFTKNSGLCICCEVFVGPRKLCVKEMNSGMAKKQAWLIKNKIKAFYAAVAADCFRDGVRSLLQASGLGRMKPNTLVIGYKKNWRKAPLTEIENYVGIIHDAFDFEIGVVIVRISQGFDISQVLQVQEELFNQKLVEASTQFKKKQEKGTIDVWWLFDDGGLTLLIPYILTLRKKWKDCKLRIYVGGKINRIEEEKIVMASLLSKFRIKFADIHIIGDINIRPNKESWKVFEEMIEPYRLHESCKDLTTAEKLKRETPWKITDAELEAVKEKSYRQVRLNELLQEHSRAANLIVLSLPVARKGSISDLLYMAWLEILTKNLPPVLLVRGNHKNVLTFYS/LEDEKKEMEKRLEKLKKEYEELAEKLKPIDEEKAAEVKKEMEIIEKYLKSKIETL
13,0,13,1.4576228369425115,0.4234610199928283,0.228272795677185,23.45697319507599,5.994356632232666,ITHAFTKNSGLCICCEVFVGPRKLCVKEMNSGMAKKQAWLIKNKIKAFYAAVAADCFRDGVRSLLQASGLGRMKPNTLVIGYKKNWRKAPLTEIENYVGIIHDAFDFEIGVVIVRISQGFDISQVLQVQEELFNQKLVEASTQFKKKQEKGTIDVWWLFDDGGLTLLIPYILTLRKKWKDCKLRIYVGGKINRIEEEKIVMASLLSKFRIKFADIHIIGDINIRPNKESWKVFEEMIEPYRLHESCKDLTTAEKLKRETPWKITDAELEAVKEKSYRQVRLNELLQEHSRAANLIVLSLPVARKGSISDLLYMAWLEILTKNLPPVLLVRGNHKNVLTFYS/IDDEIEEMKSMLERDKERYNKLIEEKLPINLEEAKKLEEDLKLLQKLRESLIERL
14,0,14,1.3681871902080625,0.6065336465835571,0.1611011028289795,25.28996479511261,46.20045852661133,ITHAFTKNSGLCICCEVFVGPRKLCVKEMNSGMAKKQAWLIKNKIKAFYAAVAADCFRDGVRSLLQASGLGRMKPNTLVIGYKKNWRKAPLTEIENYVGIIHDAFDFEIGVVIVRISQGFDISQVLQVQEELFNQKLVEASTQFKKKQEKGTIDVWWLFDDGGLTLLIPYILTLRKKWKDCKLRIYVGGKINRIEEEKIVMASLLSKFRIKFADIHIIGDINIRPNKESWKVFEEMIEPYRLHESCKDLTTAEKLKRETPWKITDAELEAVKEKSYRQVRLNELLQEHSRAANLIVLSLPVARKGSISDLLYMAWLEILTKNLPPVLLVRGNHKNVLTFYS/IEDEIKEMKEYLKKLEEEFARKIEEEKPKDKEKAEQLEKDMNIIKQVLESRIETL
15,0,15,1.2751711545056232,0.4390710592269897,0.1545525044202804,25.534696638584137,44.20443344116211,ITHAFTKNSGLCICCEVFVGPRKLCVKEMNSGMAKKQAWLIKNKIKAFYAAVAADCFRDGVRSLLQASGLGRMKPNTLVIGYKKNWRKAPLTEIENYVGIIHDAFDFEIGVVIVRISQGFDISQVLQVQEELFNQKLVEASTQFKKKQEKGTIDVWWLFDDGGLTLLIPYILTLRKKWKDCKLRIYVGGKINRIEEEKIVMASLLSKFRIKFADIHIIGDINIRPNKESWKVFEEMIEPYRLHESCKDLTTAEKLKRETPWKITDAELEAVKEKSYRQVRLNELLQEHSRAANLIVLSLPVARKGSISDLLYMAWLEILTKNLPPVLLVRGNHKNVLTFYS/IEEEIELMKKQLDELKKKYKELIEKYKKIDKEKAEELKKDLEILEKVRESLIETL
0,0,0,1.3348411373399072,0.4636129140853882,0.1552472114562988,25.492290914058685,37.05076599121094,ITHAFTKNSGLCICCEVFVGPRKLCVKEMNSGMAKKQAWLIKNKIKAFYAAVAADCFRDGVRSLLQASGLGRMKPNTLVIGYKKNWRKAPLTEIENYVGIIHDAFDFEIGVVIVRISQGFDISQVLQVQEELFNQKLVEASTQFKKKQEKGTIDVWWLFDDGGLTLLIPYILTLRKKWKDCKLRIYVGGKINRIEEEKIVMASLLSKFRIKFADIHIIGDINIRPNKESWKVFEEMIEPYRLHESCKDLTTAEKLKRETPWKITDAELEAVKEKSYRQVRLNELLQEHSRAANLIVLSLPVARKGSISDLLYMAWLEILTKNLPPVLLVRGNHKNVLTFYS/IEDEKEEMKKQLKEIEKEYSELIKQLEPIDKEKAKELEEDLNIIKTVRDSLIETL
1,0,1,1.2928044016069753,0.406521737575531,0.2082505077123642,24.148180961608887,26.18061828613281,ITHAFTKNSGLCICCEVFVGPRKLCVKEMNSGMAKKQAWLIKNKIKAFYAAVAADCFRDGVRSLLQASGLGRMKPNTLVIGYKKNWRKAPLTEIENYVGIIHDAFDFEIGVVIVRISQGFDISQVLQVQEELFNQKLVEASTQFKKKQEKGTIDVWWLFDDGGLTLLIPYILTLRKKWKDCKLRIYVGGKINRIEEEKIVMASLLSKFRIKFADIHIIGDINIRPNKESWKVFEEMIEPYRLHESCKDLTTAEKLKRETPWKITDAELEAVKEKSYRQVRLNELLQEHSRAANLIVLSLPVARKGSISDLLYMAWLEILTKNLPPVLLVRGNHKNVLTFYS/IEDEIERMKERLKKEQKEFEEKIKELEPIDKEKAEELKEYEAIIKRLRESKIERL
2,0,2,1.3209936762705434,0.6201329827308655,0.1205765083432197,26.830345809459686,9.632883071899414,ITHAFTKNSGLCICCEVFVGPRKLCVKEMNSGMAKKQAWLIKNKIKAFYAAVAADCFRDGVRSLLQASGLGRMKPNTLVIGYKKNWRKAPLTEIENYVGIIHDAFDFEIGVVIVRISQGFDISQVLQVQEELFNQKLVEASTQFKKKQEKGTIDVWWLFDDGGLTLLIPYILTLRKKWKDCKLRIYVGGKINRIEEEKIVMASLLSKFRIKFADIHIIGDINIRPNKESWKVFEEMIEPYRLHESCKDLTTAEKLKRETPWKITDAELEAVKEKSYRQVRLNELLQEHSRAANLIVLSLPVARKGSISDLLYMAWLEILTKNLPPVLLVRGNHKNVLTFYS/IEDEIEAMKEYLKKLEKEYEEKIKKELPINKEKAEKYIEDLKLKKELLESKIETL
3,0,3,1.2239350834160043,0.4368363618850708,0.1382559239864349,26.192646861076355,32.087162017822266,ITHAFTKNSGLCICCEVFVGPRKLCVKEMNSGMAKKQAWLIKNKIKAFYAAVAADCFRDGVRSLLQASGLGRMKPNTLVIGYKKNWRKAPLTEIENYVGIIHDAFDFEIGVVIVRISQGFDISQVLQVQEELFNQKLVEASTQFKKKQEKGTIDVWWLFDDGGLTLLIPYILTLRKKWKDCKLRIYVGGKINRIEEEKIVMASLLSKFRIKFADIHIIGDINIRPNKESWKVFEEMIEPYRLHESCKDLTTAEKLKRETPWKITDAELEAVKEKSYRQVRLNELLQEHSRAANLIVLSLPVARKGSISDLLYMAWLEILTKNLPPVLLVRGNHKNVLTFYS/MEEEVERMKKLLEKLKEEYEKKIKEKEPIDKEEAEKLKEDLKIIETLLNSRIEAL
4,0,4,1.2735255805322667,0.6027425527572632,0.1307325661182403,26.43581920862198,49.50803756713867,ITHAFTKNSGLCICCEVFVGPRKLCVKEMNSGMAKKQAWLIKNKIKAFYAAVAADCFRDGVRSLLQASGLGRMKPNTLVIGYKKNWRKAPLTEIENYVGIIHDAFDFEIGVVIVRISQGFDISQVLQVQEELFNQKLVEASTQFKKKQEKGTIDVWWLFDDGGLTLLIPYILTLRKKWKDCKLRIYVGGKINRIEEEKIVMASLLSKFRIKFADIHIIGDINIRPNKESWKVFEEMIEPYRLHESCKDLTTAEKLKRETPWKITDAELEAVKEKSYRQVRLNELLQEHSRAANLIVLSLPVARKGSISDLLYMAWLEILTKNLPPVLLVRGNHKNVLTFYS/IEEEIERMKKFLEKEKERFKKLIEEYLSIDKEKAKELEENYKIIKKVIESKIEAL
5,0,5,1.3896513979726002,0.4031211137771606,0.1749238073825836,24.588378250598907,30.87649345397949,ITHAFTKNSGLCICCEVFVGPRKLCVKEMNSGMAKKQAWLIKNKIKAFYAAVAADCFRDGVRSLLQASGLGRMKPNTLVIGYKKNWRKAPLTEIENYVGIIHDAFDFEIGVVIVRISQGFDISQVLQVQEELFNQKLVEASTQFKKKQEKGTIDVWWLFDDGGLTLLIPYILTLRKKWKDCKLRIYVGGKINRIEEEKIVMASLLSKFRIKFADIHIIGDINIRPNKESWKVFEEMIEPYRLHESCKDLTTAEKLKRETPWKITDAELEAVKEKSYRQVRLNELLQEHSRAANLIVLSLPVARKGSISDLLYMAWLEILTKNLPPVLLVRGNHKNVLTFYS/VEEEKERMKKQLEKDKEEFEKLIKEMEPINKEEARKLEENQKILEEARDSRIEAL
6,0,6,1.2464221583614403,0.4428134560585022,0.1537546813488006,25.55386883020401,40.82053756713867,ITHAFTKNSGLCICCEVFVGPRKLCVKEMNSGMAKKQAWLIKNKIKAFYAAVAADCFRDGVRSLLQASGLGRMKPNTLVIGYKKNWRKAPLTEIENYVGIIHDAFDFEIGVVIVRISQGFDISQVLQVQEELFNQKLVEASTQFKKKQEKGTIDVWWLFDDGGLTLLIPYILTLRKKWKDCKLRIYVGGKINRIEEEKIVMASLLSKFRIKFADIHIIGDINIRPNKESWKVFEEMIEPYRLHESCKDLTTAEKLKRETPWKITDAELEAVKEKSYRQVRLNELLQEHSRAANLIVLSLPVARKGSISDLLYMAWLEILTKNLPPVLLVRGNHKNVLTFYS/IEDEIEEMKKMMEREEKEFEEKIKELEKKDKKLAEELKENLEILKKVIESRIERL
7,0,7,1.1929126599158617,0.797078013420105,0.6396756172180176,12.47278928756714,1.1429638862609863,ITHAFTKNSGLCICCEVFVGPRKLCVKEMNSGMAKKQAWLIKNKIKAFYAAVAADCFRDGVRSLLQASGLGRMKPNTLVIGYKKNWRKAPLTEIENYVGIIHDAFDFEIGVVIVRISQGFDISQVLQVQEELFNQKLVEASTQFKKKQEKGTIDVWWLFDDGGLTLLIPYILTLRKKWKDCKLRIYVGGKINRIEEEKIVMASLLSKFRIKFADIHIIGDINIRPNKESWKVFEEMIEPYRLHESCKDLTTAEKLKRETPWKITDAELEAVKEKSYRQVRLNELLQEHSRAANLIVLSLPVARKGSISDLLYMAWLEILTKNLPPVLLVRGNHKNVLTFYS/IEDEIEEMKKLLKKLEEEYEKKIKELLPIDKKKAEEYKEDLEILKRVIESKIEAL
8,0,8,1.3466669210239617,0.8484858274459839,0.763075590133667,9.617350399494171,2.000818967819214,ITHAFTKNSGLCICCEVFVGPRKLCVKEMNSGMAKKQAWLIKNKIKAFYAAVAADCFRDGVRSLLQASGLGRMKPNTLVIGYKKNWRKAPLTEIENYVGIIHDAFDFEIGVVIVRISQGFDISQVLQVQEELFNQKLVEASTQFKKKQEKGTIDVWWLFDDGGLTLLIPYILTLRKKWKDCKLRIYVGGKINRIEEEKIVMASLLSKFRIKFADIHIIGDINIRPNKESWKVFEEMIEPYRLHESCKDLTTAEKLKRETPWKITDAELEAVKEKSYRQVRLNELLQEHSRAANLIVLSLPVARKGSISDLLYMAWLEILTKNLPPVLLVRGNHKNVLTFYS/IEYEIEEMKKMIEEEKAKYEELIKKEESKDKEKAKQLKEDQEIITKVRQSMIEAL
9,0,9,1.2297851042787338,0.5064369440078735,0.1376430690288543,25.991606771945957,42.21136474609375,ITHAFTKNSGLCICCEVFVGPRKLCVKEMNSGMAKKQAWLIKNKIKAFYAAVAADCFRDGVRSLLQASGLGRMKPNTLVIGYKKNWRKAPLTEIENYVGIIHDAFDFEIGVVIVRISQGFDISQVLQVQEELFNQKLVEASTQFKKKQEKGTIDVWWLFDDGGLTLLIPYILTLRKKWKDCKLRIYVGGKINRIEEEKIVMASLLSKFRIKFADIHIIGDINIRPNKESWKVFEEMIEPYRLHESCKDLTTAEKLKRETPWKITDAELEAVKEKSYRQVRLNELLQEHSRAANLIVLSLPVARKGSISDLLYMAWLEILTKNLPPVLLVRGNHKNVLTFYS/IEDEIEEMKKLLEELKKYYEEKIKKLKEIDEKEAEKFKEDREIIEKLIESKIERL
10,0,10,1.407862806064215,0.485877513885498,0.1284561157226562,26.269535183906555,28.495479583740234,ITHAFTKNSGLCICCEVFVGPRKLCVKEMNSGMAKKQAWLIKNKIKAFYAAVAADCFRDGVRSLLQASGLGRMKPNTLVIGYKKNWRKAPLTEIENYVGIIHDAFDFEIGVVIVRISQGFDISQVLQVQEELFNQKLVEASTQFKKKQEKGTIDVWWLFDDGGLTLLIPYILTLRKKWKDCKLRIYVGGKINRIEEEKIVMASLLSKFRIKFADIHIIGDINIRPNKESWKVFEEMIEPYRLHESCKDLTTAEKLKRETPWKITDAELEAVKEKSYRQVRLNELLQEHSRAANLIVLSLPVARKGSISDLLYMAWLEILTKNLPPVLLVRGNHKNVLTFYS/MQLEIEEMKKRLEELEKRFEEQVEKLLPIDKEKAEELKENLKIIKSVLESKMDAL
11,0,11,1.314292465046859,0.4387905597686767,0.1325795650482177,26.124136209487915,27.857391357421875,ITHAFTKNSGLCICCEVFVGPRKLCVKEMNSGMAKKQAWLIKNKIKAFYAAVAADCFRDGVRSLLQASGLGRMKPNTLVIGYKKNWRKAPLTEIENYVGIIHDAFDFEIGVVIVRISQGFDISQVLQVQEELFNQKLVEASTQFKKKQEKGTIDVWWLFDDGGLTLLIPYILTLRKKWKDCKLRIYVGGKINRIEEEKIVMASLLSKFRIKFADIHIIGDINIRPNKESWKVFEEMIEPYRLHESCKDLTTAEKLKRETPWKITDAELEAVKEKSYRQVRLNELLQEHSRAANLIVLSLPVARKGSISDLLYMAWLEILTKNLPPVLLVRGNHKNVLTFYS/LEDEIEREKKRLEKIKKEYEEKIKKESSKSKEKAKELEEDNKIITTVINSRIETL
12,0,12,1.2799651243852024,0.5234392881393433,0.2067389786243438,23.7480446100235,43.78701400756836,ITHAFTKNSGLCICCEVFVGPRKLCVKEMNSGMAKKQAWLIKNKIKAFYAAVAADCFRDGVRSLLQASGLGRMKPNTLVIGYKKNWRKAPLTEIENYVGIIHDAFDFEIGVVIVRISQGFDISQVLQVQEELFNQKLVEASTQFKKKQEKGTIDVWWLFDDGGLTLLIPYILTLRKKWKDCKLRIYVGGKINRIEEEKIVMASLLSKFRIKFADIHIIGDINIRPNKESWKVFEEMIEPYRLHESCKDLTTAEKLKRETPWKITDAELEAVKEKSYRQVRLNELLQEHSRAANLIVLSLPVARKGSISDLLYMAWLEILTKNLPPVLLVRGNHKNVLTFYS/LEEEIERMRKMLEEEKEKYEKLIKELEKENKEEAEEAKKDLEILETLRNSLIETL
13,0,13,1.2793336708820553,0.6202795505523682,0.2611873745918274,22.731720745563507,4.946194648742676,ITHAFTKNSGLCICCEVFVGPRKLCVKEMNSGMAKKQAWLIKNKIKAFYAAVAADCFRDGVRSLLQASGLGRMKPNTLVIGYKKNWRKAPLTEIENYVGIIHDAFDFEIGVVIVRISQGFDISQVLQVQEELFNQKLVEASTQFKKKQEKGTIDVWWLFDDGGLTLLIPYILTLRKKWKDCKLRIYVGGKINRIEEEKIVMASLLSKFRIKFADIHIIGDINIRPNKESWKVFEEMIEPYRLHESCKDLTTAEKLKRETPWKITDAELEAVKEKSYRQVRLNELLQEHSRAANLIVLSLPVARKGSISDLLYMAWLEILTKNLPPVLLVRGNHKNVLTFYS/MEDEIERMRKQKEKLEKEYEELIKKLESKDKKKAEEYKKEAEIIKKVLDSKIETL
14,0,14,1.3671094171249183,0.6060447096824646,0.1589166522026062,25.43917566537857,24.59119987487793,ITHAFTKNSGLCICCEVFVGPRKLCVKEMNSGMAKKQAWLIKNKIKAFYAAVAADCFRDGVRSLLQASGLGRMKPNTLVIGYKKNWRKAPLTEIENYVGIIHDAFDFEIGVVIVRISQGFDISQVLQVQEELFNQKLVEASTQFKKKQEKGTIDVWWLFDDGGLTLLIPYILTLRKKWKDCKLRIYVGGKINRIEEEKIVMASLLSKFRIKFADIHIIGDINIRPNKESWKVFEEMIEPYRLHESCKDLTTAEKLKRETPWKITDAELEAVKEKSYRQVRLNELLQEHSRAANLIVLSLPVARKGSISDLLYMAWLEILTKNLPPVLLVRGNHKNVLTFYS/IDDEKEEMKKRLKEIEEKYEAKIKELSSIDKEKALEYEENLKIIKDYLESKIETL
15,0,15,1.4018927208562346,0.461696982383728,0.1873422563076019,24.696862995624542,32.79669952392578,ITHAFTKNSGLCICCEVFVGPRKLCVKEMNSGMAKKQAWLIKNKIKAFYAAVAADCFRDGVRSLLQASGLGRMKPNTLVIGYKKNWRKAPLTEIENYVGIIHDAFDFEIGVVIVRISQGFDISQVLQVQEELFNQKLVEASTQFKKKQEKGTIDVWWLFDDGGLTLLIPYILTLRKKWKDCKLRIYVGGKINRIEEEKIVMASLLSKFRIKFADIHIIGDINIRPNKESWKVFEEMIEPYRLHESCKDLTTAEKLKRETPWKITDAELEAVKEKSYRQVRLNELLQEHSRAANLIVLSLPVARKGSISDLLYMAWLEILTKNLPPVLLVRGNHKNVLTFYS/IDDEIEEMKKKLEEDKKEYDELIKKESSINKKKAEDLKKDNSILEKLTESMIETL
0,0,0,1.294670628046762,0.6367439031600952,0.1455394923686981,25.693645119667053,46.05046081542969,ITHAFTKNSGLCICCEVFVGPRKLCVKEMNSGMAKKQAWLIKNKIKAFYAAVAADCFRDGVRSLLQASGLGRMKPNTLVIGYKKNWRKAPLTEIENYVGIIHDAFDFEIGVVIVRISQGFDISQVLQVQEELFNQKLVEASTQFKKKQEKGTIDVWWLFDDGGLTLLIPYILTLRKKWKDCKLRIYVGGKINRIEEEKIVMASLLSKFRIKFADIHIIGDINIRPNKESWKVFEEMIEPYRLHESCKDLTTAEKLKRETPWKITDAELEAVKEKSYRQVRLNELLQEHSRAANLIVLSLPVARKGSISDLLYMAWLEILTKNLPPVLLVRGNHKNVLTFYS/IEEEIEEMKKYKEKLNEEYKEKIKKLEPIDKEKAKEIEENNKIINEVLDSKIEAL
1,0,1,1.2759394816766358,0.6885648965835571,0.4090208709239959,18.21727752685547,2.848522424697876,ITHAFTKNSGLCICCEVFVGPRKLCVKEMNSGMAKKQAWLIKNKIKAFYAAVAADCFRDGVRSLLQASGLGRMKPNTLVIGYKKNWRKAPLTEIENYVGIIHDAFDFEIGVVIVRISQGFDISQVLQVQEELFNQKLVEASTQFKKKQEKGTIDVWWLFDDGGLTLLIPYILTLRKKWKDCKLRIYVGGKINRIEEEKIVMASLLSKFRIKFADIHIIGDINIRPNKESWKVFEEMIEPYRLHESCKDLTTAEKLKRETPWKITDAELEAVKEKSYRQVRLNELLQEHSRAANLIVLSLPVARKGSISDLLYMAWLEILTKNLPPVLLVRGNHKNVLTFYS/IEEEKELMKKRLKEEKEKYEELIKKTEKISKEEAEKLKEDLKIIEKLIESRIEAL
2,0,2,1.2508980889646943,0.5086027383804321,0.1642556190490722,25.275216102600098,33.6998176574707,ITHAFTKNSGLCICCEVFVGPRKLCVKEMNSGMAKKQAWLIKNKIKAFYAAVAADCFRDGVRSLLQASGLGRMKPNTLVIGYKKNWRKAPLTEIENYVGIIHDAFDFEIGVVIVRISQGFDISQVLQVQEELFNQKLVEASTQFKKKQEKGTIDVWWLFDDGGLTLLIPYILTLRKKWKDCKLRIYVGGKINRIEEEKIVMASLLSKFRIKFADIHIIGDINIRPNKESWKVFEEMIEPYRLHESCKDLTTAEKLKRETPWKITDAELEAVKEKSYRQVRLNELLQEHSRAANLIVLSLPVARKGSISDLLYMAWLEILTKNLPPVLLVRGNHKNVLTFYS/IEYEKEEMKKYLEEKEKEYEELIEKLKKENKELAEKYKEDQEIIKKVLESLIETL
3,0,3,1.3513119369997626,0.7170428037643433,0.3465576469898224,20.65438348054886,33.74736404418945,ITHAFTKNSGLCICCEVFVGPRKLCVKEMNSGMAKKQAWLIKNKIKAFYAAVAADCFRDGVRSLLQASGLGRMKPNTLVIGYKKNWRKAPLTEIENYVGIIHDAFDFEIGVVIVRISQGFDISQVLQVQEELFNQKLVEASTQFKKKQEKGTIDVWWLFDDGGLTLLIPYILTLRKKWKDCKLRIYVGGKINRIEEEKIVMASLLSKFRIKFADIHIIGDINIRPNKESWKVFEEMIEPYRLHESCKDLTTAEKLKRETPWKITDAELEAVKEKSYRQVRLNELLQEHSRAANLIVLSLPVARKGSISDLLYMAWLEILTKNLPPVLLVRGNHKNVLTFYS/IDFEKEMMLKMLEIEKKKYEEKIKKEEEKNKEKAEELKKEQEIIKKFRESMIETL
4,0,4,1.3293825256845806,0.6743964552879333,0.379033625125885,19.59736675024033,2.7058298587799072,ITHAFTKNSGLCICCEVFVGPRKLCVKEMNSGMAKKQAWLIKNKIKAFYAAVAADCFRDGVRSLLQASGLGRMKPNTLVIGYKKNWRKAPLTEIENYVGIIHDAFDFEIGVVIVRISQGFDISQVLQVQEELFNQKLVEASTQFKKKQEKGTIDVWWLFDDGGLTLLIPYILTLRKKWKDCKLRIYVGGKINRIEEEKIVMASLLSKFRIKFADIHIIGDINIRPNKESWKVFEEMIEPYRLHESCKDLTTAEKLKRETPWKITDAELEAVKEKSYRQVRLNELLQEHSRAANLIVLSLPVARKGSISDLLYMAWLEILTKNLPPVLLVRGNHKNVLTFYS/IDEEIEAMKKRLKKLKKEYEEKIKEELPRNKERAEELKNELEIIEKVLNSRIETL
5,0,5,1.2893744314623734,0.6228847503662109,0.1383146196603775,25.78309625387192,46.23408126831055,ITHAFTKNSGLCICCEVFVGPRKLCVKEMNSGMAKKQAWLIKNKIKAFYAAVAADCFRDGVRSLLQASGLGRMKPNTLVIGYKKNWRKAPLTEIENYVGIIHDAFDFEIGVVIVRISQGFDISQVLQVQEELFNQKLVEASTQFKKKQEKGTIDVWWLFDDGGLTLLIPYILTLRKKWKDCKLRIYVGGKINRIEEEKIVMASLLSKFRIKFADIHIIGDINIRPNKESWKVFEEMIEPYRLHESCKDLTTAEKLKRETPWKITDAELEAVKEKSYRQVRLNELLQEHSRAANLIVLSLPVARKGSISDLLYMAWLEILTKNLPPVLLVRGNHKNVLTFYS/IEEEKERMKELLKKEKEKYEKLIEEEKPINEEKAKELKEDYEILKKARESAIETL
6,0,6,1.3958005382427556,0.4885835647583008,0.1652936488389969,25.125491559505463,35.84092330932617,ITHAFTKNSGLCICCEVFVGPRKLCVKEMNSGMAKKQAWLIKNKIKAFYAAVAADCFRDGVRSLLQASGLGRMKPNTLVIGYKKNWRKAPLTEIENYVGIIHDAFDFEIGVVIVRISQGFDISQVLQVQEELFNQKLVEASTQFKKKQEKGTIDVWWLFDDGGLTLLIPYILTLRKKWKDCKLRIYVGGKINRIEEEKIVMASLLSKFRIKFADIHIIGDINIRPNKESWKVFEEMIEPYRLHESCKDLTTAEKLKRETPWKITDAELEAVKEKSYRQVRLNELLQEHSRAANLIVLSLPVARKGSISDLLYMAWLEILTKNLPPVLLVRGNHKNVLTFYS/MEDEIERMKKQLKEDEQAYKELIEKEKEKDKEQAEQIEKDREILKKLIESKIETL
7,0,7,1.2627946919074255,0.5362857580184937,0.2118347883224487,23.96843242645264,47.727012634277344,ITHAFTKNSGLCICCEVFVGPRKLCVKEMNSGMAKKQAWLIKNKIKAFYAAVAADCFRDGVRSLLQASGLGRMKPNTLVIGYKKNWRKAPLTEIENYVGIIHDAFDFEIGVVIVRISQGFDISQVLQVQEELFNQKLVEASTQFKKKQEKGTIDVWWLFDDGGLTLLIPYILTLRKKWKDCKLRIYVGGKINRIEEEKIVMASLLSKFRIKFADIHIIGDINIRPNKESWKVFEEMIEPYRLHESCKDLTTAEKLKRETPWKITDAELEAVKEKSYRQVRLNELLQEHSRAANLIVLSLPVARKGSISDLLYMAWLEILTKNLPPVLLVRGNHKNVLTFYS/IEYEKEEMKKYLEKMEKEFEEKIKELEPIDKEKAEEYKKYLEIEKKLRESLIERL
8,0,8,1.252341776045769,0.5574331283569336,0.1344891339540481,25.977530658245087,38.8134651184082,ITHAFTKNSGLCICCEVFVGPRKLCVKEMNSGMAKKQAWLIKNKIKAFYAAVAADCFRDGVRSLLQASGLGRMKPNTLVIGYKKNWRKAPLTEIENYVGIIHDAFDFEIGVVIVRISQGFDISQVLQVQEELFNQKLVEASTQFKKKQEKGTIDVWWLFDDGGLTLLIPYILTLRKKWKDCKLRIYVGGKINRIEEEKIVMASLLSKFRIKFADIHIIGDINIRPNKESWKVFEEMIEPYRLHESCKDLTTAEKLKRETPWKITDAELEAVKEKSYRQVRLNELLQEHSRAANLIVLSLPVARKGSISDLLYMAWLEILTKNLPPVLLVRGNHKNVLTFYS/LEEEKEEMKKQLEELKKKFEKKIEELLPIDKEEAEKYKEDLKIIEKVINSRIERL
9,0,9,1.3684363229929477,0.6609164476394653,0.4561614990234375,17.068531394004822,2.481801271438598,ITHAFTKNSGLCICCEVFVGPRKLCVKEMNSGMAKKQAWLIKNKIKAFYAAVAADCFRDGVRSLLQASGLGRMKPNTLVIGYKKNWRKAPLTEIENYVGIIHDAFDFEIGVVIVRISQGFDISQVLQVQEELFNQKLVEASTQFKKKQEKGTIDVWWLFDDGGLTLLIPYILTLRKKWKDCKLRIYVGGKINRIEEEKIVMASLLSKFRIKFADIHIIGDINIRPNKESWKVFEEMIEPYRLHESCKDLTTAEKLKRETPWKITDAELEAVKEKSYRQVRLNELLQEHSRAANLIVLSLPVARKGSISDLLYMAWLEILTKNLPPVLLVRGNHKNVLTFYS/LEDEKERMERRLKKLKEEYEEKIKELEPKDVELAKEIKENNEIIEKVIRSRIETL
10,0,10,1.367781776753907,0.3946658372879028,0.1534551084041595,25.47936224937439,34.623783111572266,ITHAFTKNSGLCICCEVFVGPRKLCVKEMNSGMAKKQAWLIKNKIKAFYAAVAADCFRDGVRSLLQASGLGRMKPNTLVIGYKKNWRKAPLTEIENYVGIIHDAFDFEIGVVIVRISQGFDISQVLQVQEELFNQKLVEASTQFKKKQEKGTIDVWWLFDDGGLTLLIPYILTLRKKWKDCKLRIYVGGKINRIEEEKIVMASLLSKFRIKFADIHIIGDINIRPNKESWKVFEEMIEPYRLHESCKDLTTAEKLKRETPWKITDAELEAVKEKSYRQVRLNELLQEHSRAANLIVLSLPVARKGSISDLLYMAWLEILTKNLPPVLLVRGNHKNVLTFYS/MEDEKKRMEERLKKDVEEYKKLIEETLPIDKEKAKEIEEDLNILKKVIDSKIETL
11,0,11,1.3097159778857947,0.5137436389923096,0.1449825167655944,26.2223881483078,32.07538604736328,ITHAFTKNSGLCICCEVFVGPRKLCVKEMNSGMAKKQAWLIKNKIKAFYAAVAADCFRDGVRSLLQASGLGRMKPNTLVIGYKKNWRKAPLTEIENYVGIIHDAFDFEIGVVIVRISQGFDISQVLQVQEELFNQKLVEASTQFKKKQEKGTIDVWWLFDDGGLTLLIPYILTLRKKWKDCKLRIYVGGKINRIEEEKIVMASLLSKFRIKFADIHIIGDINIRPNKESWKVFEEMIEPYRLHESCKDLTTAEKLKRETPWKITDAELEAVKEKSYRQVRLNELLQEHSRAANLIVLSLPVARKGSISDLLYMAWLEILTKNLPPVLLVRGNHKNVLTFYS/MEEEIREMKERLEKLKKEYEKKIQELEKKSKEEAKQLKEDLDIIKSVLDSKIETL
12,0,12,1.250086336016948,0.8811800479888916,0.8507940769195557,7.666072234511375,1.3871022462844849,ITHAFTKNSGLCICCEVFVGPRKLCVKEMNSGMAKKQAWLIKNKIKAFYAAVAADCFRDGVRSLLQASGLGRMKPNTLVIGYKKNWRKAPLTEIENYVGIIHDAFDFEIGVVIVRISQGFDISQVLQVQEELFNQKLVEASTQFKKKQEKGTIDVWWLFDDGGLTLLIPYILTLRKKWKDCKLRIYVGGKINRIEEEKIVMASLLSKFRIKFADIHIIGDINIRPNKESWKVFEEMIEPYRLHESCKDLTTAEKLKRETPWKITDAELEAVKEKSYRQVRLNELLQEHSRAANLIVLSLPVARKGSISDLLYMAWLEILTKNLPPVLLVRGNHKNVLTFYS/MDYEKELMLERLKKIEEKYKKLIEELEKEDKEKAKKYKEDLEIIKKVLLSKIEAL
13,0,13,1.291891464356137,0.5310368537902832,0.1959371119737625,24.48118507862091,48.59515380859375,ITHAFTKNSGLCICCEVFVGPRKLCVKEMNSGMAKKQAWLIKNKIKAFYAAVAADCFRDGVRSLLQASGLGRMKPNTLVIGYKKNWRKAPLTEIENYVGIIHDAFDFEIGVVIVRISQGFDISQVLQVQEELFNQKLVEASTQFKKKQEKGTIDVWWLFDDGGLTLLIPYILTLRKKWKDCKLRIYVGGKINRIEEEKIVMASLLSKFRIKFADIHIIGDINIRPNKESWKVFEEMIEPYRLHESCKDLTTAEKLKRETPWKITDAELEAVKEKSYRQVRLNELLQEHSRAANLIVLSLPVARKGSISDLLYMAWLEILTKNLPPVLLVRGNHKNVLTFYS/IEYEIEEMKKYLEKLKKKYEEEIEKQLSIDKKKAEELKKDLEIIKKALESRMEAL
14,0,14,1.3487166104248685,0.5968431234359741,0.4082801938056946,18.677559792995453,1.9408940076828003,ITHAFTKNSGLCICCEVFVGPRKLCVKEMNSGMAKKQAWLIKNKIKAFYAAVAADCFRDGVRSLLQASGLGRMKPNTLVIGYKKNWRKAPLTEIENYVGIIHDAFDFEIGVVIVRISQGFDISQVLQVQEELFNQKLVEASTQFKKKQEKGTIDVWWLFDDGGLTLLIPYILTLRKKWKDCKLRIYVGGKINRIEEEKIVMASLLSKFRIKFADIHIIGDINIRPNKESWKVFEEMIEPYRLHESCKDLTTAEKLKRETPWKITDAELEAVKEKSYRQVRLNELLQEHSRAANLIVLSLPVARKGSISDLLYMAWLEILTKNLPPVLLVRGNHKNVLTFYS/IEDEIEEMKQMLEKEEKYYSEKIKELSSISEEKAKELQEELEIIKKVRESMIEAL
15,0,15,1.250407438701084,0.7872942686080933,0.6759217977523804,11.638089418411257,1.8841627836227417,ITHAFTKNSGLCICCEVFVGPRKLCVKEMNSGMAKKQAWLIKNKIKAFYAAVAADCFRDGVRSLLQASGLGRMKPNTLVIGYKKNWRKAPLTEIENYVGIIHDAFDFEIGVVIVRISQGFDISQVLQVQEELFNQKLVEASTQFKKKQEKGTIDVWWLFDDGGLTLLIPYILTLRKKWKDCKLRIYVGGKINRIEEEKIVMASLLSKFRIKFADIHIIGDINIRPNKESWKVFEEMIEPYRLHESCKDLTTAEKLKRETPWKITDAELEAVKEKSYRQVRLNELLQEHSRAANLIVLSLPVARKGSISDLLYMAWLEILTKNLPPVLLVRGNHKNVLTFYS/IEYEKEMMEKKLKEMKKEYEELIKKEKEKDLKKAKELEEDLKILEKVIESKIETL
0,0,0,1.550014671943351,0.8622106909751892,0.8258838653564453,8.140429228544235,1.3477871417999268,ITHAFTKNSGLCICCEVFVGPRKLCVKEMNSGMAKKQAWLIKNKIKAFYAAVAADCFRDGVRSLLQASGLGRMKPNTLVIGYKKNWRKAPLTEIENYVGIIHDAFDFEIGVVIVRISQGFDISQVLQVQEELFNQKLVEASTQFKKKQEKGTIDVWWLFDDGGLTLLIPYILTLRKKWKDCKLRIYVGGKINRIEEEKIVMASLLSKFRIKFADIHIIGDINIRPNKESWKVFEEMIEPYRLHESCKDLTTAEKLKRETPWKITDAELEAVKEKSYRQVRLNELLQEHSRAANLIVLSLPVARKGSISDLLYMAWLEILTKNLPPVLLVRGNHKNVLTFYS/IDYEIKIMRERQESLEKQYTEMVKKELPKDKKKAEELKENLELIQRLLDSMIETL
1,0,1,1.376200156476402,0.7451539039611816,0.7142094373703003,10.829778105020525,1.839687466621399,ITHAFTKNSGLCICCEVFVGPRKLCVKEMNSGMAKKQAWLIKNKIKAFYAAVAADCFRDGVRSLLQASGLGRMKPNTLVIGYKKNWRKAPLTEIENYVGIIHDAFDFEIGVVIVRISQGFDISQVLQVQEELFNQKLVEASTQFKKKQEKGTIDVWWLFDDGGLTLLIPYILTLRKKWKDCKLRIYVGGKINRIEEEKIVMASLLSKFRIKFADIHIIGDINIRPNKESWKVFEEMIEPYRLHESCKDLTTAEKLKRETPWKITDAELEAVKEKSYRQVRLNELLQEHSRAANLIVLSLPVARKGSISDLLYMAWLEILTKNLPPVLLVRGNHKNVLTFYS/LDYEIEMMKEQLKKDIEEYKKKVEEYLPLDKEKAKELLEDQEILKKVRDSRIEVI
2,0,2,1.534072796992416,0.6178582310676575,0.5345513820648193,15.07171881198883,29.90013694763184,ITHAFTKNSGLCICCEVFVGPRKLCVKEMNSGMAKKQAWLIKNKIKAFYAAVAADCFRDGVRSLLQASGLGRMKPNTLVIGYKKNWRKAPLTEIENYVGIIHDAFDFEIGVVIVRISQGFDISQVLQVQEELFNQKLVEASTQFKKKQEKGTIDVWWLFDDGGLTLLIPYILTLRKKWKDCKLRIYVGGKINRIEEEKIVMASLLSKFRIKFADIHIIGDINIRPNKESWKVFEEMIEPYRLHESCKDLTTAEKLKRETPWKITDAELEAVKEKSYRQVRLNELLQEHSRAANLIVLSLPVARKGSISDLLYMAWLEILTKNLPPVLLVRGNHKNVLTFYS/LSYEKELMIKQMEDLREEYKKKIKEWEKIDKKKAEELRENNKLIERVRESQIEAL
3,0,3,1.489278317988071,0.4158016443252563,0.1519916653633117,25.967998147010803,37.15888214111328,ITHAFTKNSGLCICCEVFVGPRKLCVKEMNSGMAKKQAWLIKNKIKAFYAAVAADCFRDGVRSLLQASGLGRMKPNTLVIGYKKNWRKAPLTEIENYVGIIHDAFDFEIGVVIVRISQGFDISQVLQVQEELFNQKLVEASTQFKKKQEKGTIDVWWLFDDGGLTLLIPYILTLRKKWKDCKLRIYVGGKINRIEEEKIVMASLLSKFRIKFADIHIIGDINIRPNKESWKVFEEMIEPYRLHESCKDLTTAEKLKRETPWKITDAELEAVKEKSYRQVRLNELLQEHSRAANLIVLSLPVARKGSISDLLYMAWLEILTKNLPPVLLVRGNHKNVLTFYS/IEQEIERMKALMEELEKKYNELIKKLKPISEEEAKQLESDLQTLKTFLESKIENL
4,0,4,1.2573983477343684,0.6409459710121155,0.1719356179237365,25.13786774873733,50.708473205566406,ITHAFTKNSGLCICCEVFVGPRKLCVKEMNSGMAKKQAWLIKNKIKAFYAAVAADCFRDGVRSLLQASGLGRMKPNTLVIGYKKNWRKAPLTEIENYVGIIHDAFDFEIGVVIVRISQGFDISQVLQVQEELFNQKLVEASTQFKKKQEKGTIDVWWLFDDGGLTLLIPYILTLRKKWKDCKLRIYVGGKINRIEEEKIVMASLLSKFRIKFADIHIIGDINIRPNKESWKVFEEMIEPYRLHESCKDLTTAEKLKRETPWKITDAELEAVKEKSYRQVRLNELLQEHSRAANLIVLSLPVARKGSISDLLYMAWLEILTKNLPPVLLVRGNHKNVLTFYS/MEDEIKEMKEKLKKLEKEYEKKIKEEEEIDKEKAEKLKEDLEIEKKAIESLIDAL
5,0,5,1.31279995823963,0.5191186666488647,0.1319088637828827,26.50202387571335,33.68971252441406,ITHAFTKNSGLCICCEVFVGPRKLCVKEMNSGMAKKQAWLIKNKIKAFYAAVAADCFRDGVRSLLQASGLGRMKPNTLVIGYKKNWRKAPLTEIENYVGIIHDAFDFEIGVVIVRISQGFDISQVLQVQEELFNQKLVEASTQFKKKQEKGTIDVWWLFDDGGLTLLIPYILTLRKKWKDCKLRIYVGGKINRIEEEKIVMASLLSKFRIKFADIHIIGDINIRPNKESWKVFEEMIEPYRLHESCKDLTTAEKLKRETPWKITDAELEAVKEKSYRQVRLNELLQEHSRAANLIVLSLPVARKGSISDLLYMAWLEILTKNLPPVLLVRGNHKNVLTFYS/VEEEKEEMKKLLEEKEKEFKRLIEELKEKSKELAEQVKKDLEIIKKLIESRIETL
6,0,6,1.4242516523177515,0.7410399913787842,0.5966372489929199,13.537529587745668,2.266639709472656,ITHAFTKNSGLCICCEVFVGPRKLCVKEMNSGMAKKQAWLIKNKIKAFYAAVAADCFRDGVRSLLQASGLGRMKPNTLVIGYKKNWRKAPLTEIENYVGIIHDAFDFEIGVVIVRISQGFDISQVLQVQEELFNQKLVEASTQFKKKQEKGTIDVWWLFDDGGLTLLIPYILTLRKKWKDCKLRIYVGGKINRIEEEKIVMASLLSKFRIKFADIHIIGDINIRPNKESWKVFEEMIEPYRLHESCKDLTTAEKLKRETPWKITDAELEAVKEKSYRQVRLNELLQEHSRAANLIVLSLPVARKGSISDLLYMAWLEILTKNLPPVLLVRGNHKNVLTFYS/IEYEKEMMKKRMEEDTKKYMELSKKLSSIDEEKAKQVEEDLKILEKLRESRIETL
7,0,7,1.5079410016504304,0.7139366865158081,0.4478511810302734,17.328675270080566,1.9034909009933472,ITHAFTKNSGLCICCEVFVGPRKLCVKEMNSGMAKKQAWLIKNKIKAFYAAVAADCFRDGVRSLLQASGLGRMKPNTLVIGYKKNWRKAPLTEIENYVGIIHDAFDFEIGVVIVRISQGFDISQVLQVQEELFNQKLVEASTQFKKKQEKGTIDVWWLFDDGGLTLLIPYILTLRKKWKDCKLRIYVGGKINRIEEEKIVMASLLSKFRIKFADIHIIGDINIRPNKESWKVFEEMIEPYRLHESCKDLTTAEKLKRETPWKITDAELEAVKEKSYRQVRLNELLQEHSRAANLIVLSLPVARKGSISDLLYMAWLEILTKNLPPVLLVRGNHKNVLTFYS/IEEEKEEMRERAEELDAEYLKKIKELEPEDKAKAAQLKEDREILKHLIDSKIEAL
8,0,8,1.4314635542412677,0.4505337476730346,0.1620460450649261,25.66847515106201,47.1259651184082,ITHAFTKNSGLCICCEVFVGPRKLCVKEMNSGMAKKQAWLIKNKIKAFYAAVAADCFRDGVRSLLQASGLGRMKPNTLVIGYKKNWRKAPLTEIENYVGIIHDAFDFEIGVVIVRISQGFDISQVLQVQEELFNQKLVEASTQFKKKQEKGTIDVWWLFDDGGLTLLIPYILTLRKKWKDCKLRIYVGGKINRIEEEKIVMASLLSKFRIKFADIHIIGDINIRPNKESWKVFEEMIEPYRLHESCKDLTTAEKLKRETPWKITDAELEAVKEKSYRQVRLNELLQEHSRAANLIVLSLPVARKGSISDLLYMAWLEILTKNLPPVLLVRGNHKNVLTFYS/IEDEIERMKEQLKKLKNEYEKKIKDLLKKDKKLAEQLEKDLKILKKLIDSLIERL
9,0,9,1.6299335031092628,0.3234955072402954,0.1575798988342285,25.8020504117012,17.886741638183594,ITHAFTKNSGLCICCEVFVGPRKLCVKEMNSGMAKKQAWLIKNKIKAFYAAVAADCFRDGVRSLLQASGLGRMKPNTLVIGYKKNWRKAPLTEIENYVGIIHDAFDFEIGVVIVRISQGFDISQVLQVQEELFNQKLVEASTQFKKKQEKGTIDVWWLFDDGGLTLLIPYILTLRKKWKDCKLRIYVGGKINRIEEEKIVMASLLSKFRIKFADIHIIGDINIRPNKESWKVFEEMIEPYRLHESCKDLTTAEKLKRETPWKITDAELEAVKEKSYRQVRLNELLQEHSRAANLIVLSLPVARKGSISDLLYMAWLEILTKNLPPVLLVRGNHKNVLTFYS/IEHEKETIKNILKKNDIKAAELIKLLEPIDKKKAEEIKEDKEIIRKLYDSRIQTL
10,0,10,1.5176379198327743,0.3579192161560058,0.1437011808156967,26.014385759830475,33.341583251953125,ITHAFTKNSGLCICCEVFVGPRKLCVKEMNSGMAKKQAWLIKNKIKAFYAAVAADCFRDGVRSLLQASGLGRMKPNTLVIGYKKNWRKAPLTEIENYVGIIHDAFDFEIGVVIVRISQGFDISQVLQVQEELFNQKLVEASTQFKKKQEKGTIDVWWLFDDGGLTLLIPYILTLRKKWKDCKLRIYVGGKINRIEEEKIVMASLLSKFRIKFADIHIIGDINIRPNKESWKVFEEMIEPYRLHESCKDLTTAEKLKRETPWKITDAELEAVKEKSYRQVRLNELLQEHSRAANLIVLSLPVARKGSISDLLYMAWLEILTKNLPPVLLVRGNHKNVLTFYS/MEEEKEEMREFLKETKEKYANLVEKLWPLDKDKAQKAIEDEEIIEKAINSRIETL
11,0,11,1.3358412314825523,0.8499424457550049,0.7989530563354492,8.773318499326706,1.493183970451355,ITHAFTKNSGLCICCEVFVGPRKLCVKEMNSGMAKKQAWLIKNKIKAFYAAVAADCFRDGVRSLLQASGLGRMKPNTLVIGYKKNWRKAPLTEIENYVGIIHDAFDFEIGVVIVRISQGFDISQVLQVQEELFNQKLVEASTQFKKKQEKGTIDVWWLFDDGGLTLLIPYILTLRKKWKDCKLRIYVGGKINRIEEEKIVMASLLSKFRIKFADIHIIGDINIRPNKESWKVFEEMIEPYRLHESCKDLTTAEKLKRETPWKITDAELEAVKEKSYRQVRLNELLQEHSRAANLIVLSLPVARKGSISDLLYMAWLEILTKNLPPVLLVRGNHKNVLTFYS/IDYEKEEMRERLEKLKEEYEKKIEELEPIDKEKAEKLKEDAEIIAQVIESKIETL
12,0,12,1.4257063821075249,0.4331300258636474,0.1364160776138305,26.70570069551468,42.736549377441406,ITHAFTKNSGLCICCEVFVGPRKLCVKEMNSGMAKKQAWLIKNKIKAFYAAVAADCFRDGVRSLLQASGLGRMKPNTLVIGYKKNWRKAPLTEIENYVGIIHDAFDFEIGVVIVRISQGFDISQVLQVQEELFNQKLVEASTQFKKKQEKGTIDVWWLFDDGGLTLLIPYILTLRKKWKDCKLRIYVGGKINRIEEEKIVMASLLSKFRIKFADIHIIGDINIRPNKESWKVFEEMIEPYRLHESCKDLTTAEKLKRETPWKITDAELEAVKEKSYRQVRLNELLQEHSRAANLIVLSLPVARKGSISDLLYMAWLEILTKNLPPVLLVRGNHKNVLTFYS/IDDEINRMREILKELEEKYKELIKKEEPISKEKAAELKRVLELIKKVIESLIETI
13,0,13,1.368820487120314,0.6233888268470764,0.2551116943359375,22.69038671255112,5.486259460449219,ITHAFTKNSGLCICCEVFVGPRKLCVKEMNSGMAKKQAWLIKNKIKAFYAAVAADCFRDGVRSLLQASGLGRMKPNTLVIGYKKNWRKAPLTEIENYVGIIHDAFDFEIGVVIVRISQGFDISQVLQVQEELFNQKLVEASTQFKKKQEKGTIDVWWLFDDGGLTLLIPYILTLRKKWKDCKLRIYVGGKINRIEEEKIVMASLLSKFRIKFADIHIIGDINIRPNKESWKVFEEMIEPYRLHESCKDLTTAEKLKRETPWKITDAELEAVKEKSYRQVRLNELLQEHSRAANLIVLSLPVARKGSISDLLYMAWLEILTKNLPPVLLVRGNHKNVLTFYS/DEEEKEEMKKYAKKLEKEYEEKIKKLEKIDKKEAEKLREYLKIELEFLKSKIETL
14,0,14,1.421008901310611,0.5515778064727783,0.1391463875770568,25.97753804922104,14.796568870544434,ITHAFTKNSGLCICCEVFVGPRKLCVKEMNSGMAKKQAWLIKNKIKAFYAAVAADCFRDGVRSLLQASGLGRMKPNTLVIGYKKNWRKAPLTEIENYVGIIHDAFDFEIGVVIVRISQGFDISQVLQVQEELFNQKLVEASTQFKKKQEKGTIDVWWLFDDGGLTLLIPYILTLRKKWKDCKLRIYVGGKINRIEEEKIVMASLLSKFRIKFADIHIIGDINIRPNKESWKVFEEMIEPYRLHESCKDLTTAEKLKRETPWKITDAELEAVKEKSYRQVRLNELLQEHSRAANLIVLSLPVARKGSISDLLYMAWLEILTKNLPPVLLVRGNHKNVLTFYS/IEYEIEKIKKKMEEDKKQSEKLIEKLEPLDKEKAEKIKEDNKILLSLRESLIERL
15,0,15,1.5777062946940603,0.799181342124939,0.6321845054626465,12.881473302841188,3.9345624446868896,ITHAFTKNSGLCICCEVFVGPRKLCVKEMNSGMAKKQAWLIKNKIKAFYAAVAADCFRDGVRSLLQASGLGRMKPNTLVIGYKKNWRKAPLTEIENYVGIIHDAFDFEIGVVIVRISQGFDISQVLQVQEELFNQKLVEASTQFKKKQEKGTIDVWWLFDDGGLTLLIPYILTLRKKWKDCKLRIYVGGKINRIEEEKIVMASLLSKFRIKFADIHIIGDINIRPNKESWKVFEEMIEPYRLHESCKDLTTAEKLKRETPWKITDAELEAVKEKSYRQVRLNELLQEHSRAANLIVLSLPVARKGSISDLLYMAWLEILTKNLPPVLLVRGNHKNVLTFYS/IENEIAMMRKKMEQRKAEYDKLVEELKPIDKEKAEKVKEDNEIILTAHEFRIERL
